,Name,Price
0,Polygon Sepeda Mountain Bike Junior Relic 20,2525000
1,Polygon Sepeda MTB Cascade 2,2800000
2,Polygon Sepeda MTB Cascade 2 2020,2800000
3,Polygon Sepeda Mountain Bike Junior Relic 24,2900000
4,Polygon Sepeda MTB Cascade 3,3150000
5,Polygon Sepeda MTB Cascade 3 2020,3150000
6,Polygon Sepeda MTB Cascade 4,3550000
7,Polygon Sepeda MTB Cascade 4 2020,3550000
8,Polygon Sepeda Rayz 1,4000000
9,Polygon Sepeda Gunung Premier 4 2020,4200000
10,Polygon Sepeda Gunung Premier 4,4300000
11,Polygon Sepeda Cleo 2,4300000
12,Polygon Sepeda Gunung Premier 5 2020,4850000
13,Polygon Sepeda Gunung Premier 5,4950000
14,Marin Sepeda MTB Bobcat Trail 4 2018,5980000
15,Polygon Sepeda Rayz 3,6100000
16,Marin Sepeda Gunung Bobcat Trail 3,6200000
17,Polygon Sepeda MTB Xtrada 5 2020,6250000
18,Polygon Sepeda MTB Xtrada 5,6400000
19,Polygon Sepeda Cozmic DXP 2013,7100000
20,Polygon Sepeda Cleo 5 2013,7345000
21,Polygon Sepeda MTB Xtrada 6 2x11 Speed 2020,7500000
22,Polygon Sepeda MTB Xtrada 6 1x11 Speed 2020,7500000
23,Marin Sepeda MTB Bobcat Trail 4 2020,7500000
24,Polygon Sepeda MTB Xtrada 6,7650000
25,Polygon Sepeda Trid CR,8250000
26,Polygon Sepeda Trid CR 2016,8250000
27,Polygon Sepeda MTB Xtrada 7 2018,9500000
28,Polygon Sepeda Dual Suspension Siskiu D5,9750000
29,Polygon Sepeda Dual Suspension Siskiu D5 2020,9750000
30,Polygon Sepeda Trid 2016,9750000
31,Polygon Sepeda Trid 2018,10100000
32,Polygon Sepeda MTB Xtrada 7 2020,10200000
33,Polygon Sepeda MTB Xtrada 7,10400000
34,Marin Sepeda MTB Bobcat Trail 5 2020,11000000
35,Polygon Sepeda Trid,11200000
36,Ex Demo Bike 99% - Polygon Sepeda Collosus SX1 Dual Suspension,13200000
37,Polygon Sepeda MTB Syncline C2 2020,13350000
38,Polygon Sepeda Dual Suspension Siskiu D6,14250000
39,Marin Sepeda Pine Mountain 1 29er,15000000
40,Polygon Sepeda MTB Syncline C3,16500000
41,Polygon Sepeda MTB Syncline C3 2020,16500000
42,Polygon Sepeda Dual Suspension Siskiu D7 2020,17200000
43,Polygon Sepeda Entiat TR8,17400000
44,Polygon Sepeda Dual Suspension Siskiu D7,17500000
45,Marin Sepeda Dual Suspension Hawk Hill 1,18480000
46,Polygon Sepeda Dirt Jump Trid ZZ 2017,19900000
47,Polygon Sepeda MTB Syncline C5,21000000
48,Polygon Sepeda MTB Syncline C5 2020,21000000
49,Marin Sepeda Dual Suspension Rift Zone 1,22000000
50,Polygon Sepeda Dual Suspension Siskiu T7,24000000
51,Polygon Sepeda Dirt Jump Trid ZZ,24000000
52,Polygon Sepeda Dual Suspension Siskiu T8 2018,27500000
53,Polygon Sepeda Collosus DFR,29500000
54,Polygon Sepeda Dual Suspension Siskiu T8,31000000
55,Polygon Sepeda Collosus DH2 Short 2015,32000000
56,Marin Sepeda Hawk Hill 3 2020,34380000
57,Marin Sepeda Pine Mountain 2,39000000
58,Polygon Sepeda Dual Suspension Siskiu N9,40500000
59,Polygon Sepeda Collosus DH8,42000000
60,Marin Sepeda Elektrik Nail Trail E1,45980000
61,Marin Sepeda Alpine Trail 8,47980000
62,Polygon Sepeda Cozmic RXX 2013,48500000
63,Ex Demo Bike 99% - Polygon Sepeda Collosus N9 XX1 Dual Suspension,51200000
64,Polygon Sepeda Collosus DHX,55000000
65,Marin Sepeda Elektrik Pine Mountain E2,59000000
66,Polygon Sepeda Xquarone EX8,73000000
67,Polygon Sepeda XQUARONE EX8 2017,82000000
68,Polygon Sepeda Xquarone EX9,93000000
69,Polygon Sepeda Collosus DH9 Team Edition,100000000
70,Polygon Sepeda XQUARONE EX9 2017,102000000
